tokenId,uri
1,https://gateway.freecity.finance/ipfs/QmdTkqnTgHM31RxRsXZRTg7GH2yBa7WyJEmkeBJFuHWZSi
2,https://gateway.freecity.finance/ipfs/QmedJocEHdSWpeTRb5g6JeXJPgseajin8YWBK8avB2GSUD
3,https://gateway.freecity.finance/ipfs/QmZi9nNrMJaizF6KUPqDWQv5695QJhmRvmiM5QctqrA7GL
4,https://gateway.freecity.finance/ipfs/QmPdDeZMJAazzx1p5AFry24wjBohqxpQ4p8n8Xmp2ibpDi
5,https://gateway.freecity.finance/ipfs/QmZEX7SNLiAkhWjYiorVf3JGwfhyfUKWAPJ4BunX5iKkho
6,https://gateway.freecity.finance/ipfs/QmPqvZKYd6dDKhkoPjbnEgexmE5QyPeK3iipRQRAPu3ZAw
7,https://gateway.freecity.finance/ipfs/QmWcXwm9Aa9xgbNWwvhmuWN9jyeNzd7Ef1eyaEfSvEs67C
8,https://gateway.freecity.finance/ipfs/QmU5AAYxiptxYxtcWEjDm1J86AirtRP78V5Ah1Qk1iE3wd
9,https://gateway.freecity.finance/ipfs/Qmf2nuqgXMX3op6xTkrnLVzzayGNXXpoysfGxZfuQpn3T1
10,https://gateway.freecity.finance/ipfs/QmX2pMbvRTDcaaHkeK6dDWjXopdeHkNsgBmJYQ1yCJsoGP
11,https://gateway.freecity.finance/ipfs/QmQZ3WXUmXZW3YN1nemHpw2JNUq7n2wL2tdFAgg6BszQji
12,https://gateway.freecity.finance/ipfs/QmQMX9nTinaVtofEEYVhKURWqgF3NkaBNKNGomXAHUkrZN
13,https://gateway.freecity.finance/ipfs/QmbXxWhJzaLFM4NEdHwgT2XPhY4KmZ5pNSiFYdUwQ8xGEn
14,https://gateway.freecity.finance/ipfs/QmRJbSGdHscTJcMGaD2xhxpQfCv5WESkUmBACmtuzovYJH
15,https://gateway.freecity.finance/ipfs/QmdGemk1dKh232qmLukpJjzzvSg7J898sqb4xQKKNoXojw
16,https://gateway.freecity.finance/ipfs/QmR3r2REW51aZgTRznKyqC4c4qtoKBHbeiXgEQNDyiyji9
17,https://gateway.freecity.finance/ipfs/QmVnKHCxf2UtXmSkmBkSsuqVPai1itGP9VMYBsB1scuKt9
18,https://gateway.freecity.finance/ipfs/QmNpFvgyGBQjDRu73mFCUSA1gXyANx67VDhDujGq3QgKpq
19,https://gateway.freecity.finance/ipfs/QmSX5XRkToBoNjQbMZ34J8UahW3WaCHLUCvmRbVsPULKrW
20,https://gateway.freecity.finance/ipfs/Qmd12BKfZkKHsdZhNdCAqowzubmChS2YxENfj5pnTJKQ94
21,https://gateway.freecity.finance/ipfs/QmXfnhWUPfHz9oWrBRoMUe5VxrttVxcVEh9js9ejEuQ8zr
22,https://gateway.freecity.finance/ipfs/QmVknk9hEKD4Xk3NwxUBJr5JziNmD6PXu2MtpRohALwNvt
23,https://gateway.freecity.finance/ipfs/QmPS4Nrd9ukV5zP16KhkRbtcW8LzxrxDnFUWGmBtWXTj5M
24,https://gateway.freecity.finance/ipfs/QmPT8EQWHTrpbRSpM1zbWXnZYDbYCku47ePKZEAWGMeQu1
25,https://gateway.freecity.finance/ipfs/QmZmp9BpuA3TzneGooT6V4CXdYg9CVpxwyRevckL6DofB5
26,https://gateway.freecity.finance/ipfs/QmRxPcsJeCenbS1EjMU8XVntU5qaFS7E19HuQ5EQfbNp5j
27,https://gateway.freecity.finance/ipfs/QmfVUbqEKP5eJPS13am2MxBAEMWuBLmzECNBZLdBxSDvmn
28,https://gateway.freecity.finance/ipfs/QmY4rQpkCANpRFhJ7rTfnfpU4Svfeg64n93voDWyxRAQYc
29,https://gateway.freecity.finance/ipfs/QmYSEAYQhs7zEQw48qpZ9dgD3ComtEnqaEYbGSceLCEp3i
30,https://gateway.freecity.finance/ipfs/QmaZ9QaL2vuAPmQtJ4Efz9EoP7vKiia9wziCNP9zXdjVZh
31,https://gateway.freecity.finance/ipfs/QmfKeBbQhkGdQ5gnnhTQMFrCE2Zff2B643eZiQNCunTVxk
32,https://gateway.freecity.finance/ipfs/QmUaj7A19xCRhKMvCCzHRr4bBFbdr21B8v93TdUw9AX5Er
33,https://gateway.freecity.finance/ipfs/QmPt27NDzmzoyshnotDZwEBSEr1VvEAGjiLuW6CgehehHC
34,https://gateway.freecity.finance/ipfs/QmZWDwch7TrVfrQTmjmQAK6mT2kecBznVMtkUiCHN2QeiH
35,https://gateway.freecity.finance/ipfs/QmTAbrHCbwQoNMJGLAyrTc1pVx9x9nJiF1Um1NhfoBPGzq
36,https://gateway.freecity.finance/ipfs/QmVn819R5vLpXjrj9W9zw3VZB2MveWNawKZbXCNSSpRtot
37,https://gateway.freecity.finance/ipfs/QmRazq36T4fyKcZ43NseZQLMt1bQgEH8BKsvh6HrUDf7uZ
38,https://gateway.freecity.finance/ipfs/QmW63YaiJ23E1moTaTG41oGi4X3gcbaa4v2dH1B6Q55yXT
39,https://gateway.freecity.finance/ipfs/QmZ1Zr3iRd2QQmkLZTAm3jNwp2HJpAMPrQMRh6Yw45sPFU
40,https://gateway.freecity.finance/ipfs/Qmcdukwdbr8wFXzftURwuupTKQYZjGoYav65kxSFDCSu9A
41,https://gateway.freecity.finance/ipfs/Qmbf5ywebPzqVbcfN1GAAYeUauUEbXLvUwWcq95ZvCWjDq
42,https://gateway.freecity.finance/ipfs/QmXHxYNu3gRbXRXYnY73Qmdaz9mqFXdaA9pxMTkk4uQn5A
43,https://gateway.freecity.finance/ipfs/QmSXz6WVBXDgUSxTsXG4B6Gn48Zf8YW5PPLMNB9zj4M8sj
44,https://gateway.freecity.finance/ipfs/QmTPHDYUpmHFcNivpMMic6hyE1XnvxCMn43NnwYGYDwngh
45,https://gateway.freecity.finance/ipfs/QmXcpQQAWyLp6EXLN8e4d2HpuDk3zxJEqp94dr6jqgWMGo
46,https://gateway.freecity.finance/ipfs/QmWqBXKF47T8MioUNtkqSTn7gMb4rGtu8QCxvK6muGExhn
47,https://gateway.freecity.finance/ipfs/QmRjeqF3h4TD3V3kGVdkMno6b6V1SDZerVJ5Cmz5gCGAk2
48,https://gateway.freecity.finance/ipfs/QmQ7KFwfQ2oPiE1RENXoPHhxeoQ64nXtcgpnSPnGzvVBBj
49,https://gateway.freecity.finance/ipfs/QmRwJ9bwELXPfCd91sorQkpdJeYWwxYuSr4kYNtJoyGTah
50,https://gateway.freecity.finance/ipfs/QmXJNgDXu1QpGgBR1sY28wVR9B2Cs7DZMADs8SSFohsitJ
51,https://gateway.freecity.finance/ipfs/QmX3Eb4YX3YWHE2WHxgGjuZgTbTq1stAWtnfCAUrTqAmUF
52,https://gateway.freecity.finance/ipfs/QmWoqzGy92Y74Z69XCaqtrxirSp6kSj2oxcPRkwNc5Gb7c
53,https://gateway.freecity.finance/ipfs/QmfDodUJMv28tMZiMqM96EW1vqSBPwsbcwmK16SCvehgPM
54,https://gateway.freecity.finance/ipfs/QmRWDL4ngaVdKvSLudSvXDnSqBAwjBqRrkMUbo4qNDXd63
55,https://gateway.freecity.finance/ipfs/QmUuXddC8W8XjwyN9f9743V8qZ4nXZcbqB4CChqsn8U42g
56,https://gateway.freecity.finance/ipfs/QmcH3mL5Nb6MMsTPZUQyr7SjhgdQe5xC95T8HQAEgM1X2b
57,https://gateway.freecity.finance/ipfs/QmXXjsXzC2e6rjcPtBtqZZuBgfc6pcMgeKi9shyAyCnvzb
58,https://gateway.freecity.finance/ipfs/Qmdef8LFAMPapoSqfUc3PnkESsaVbX5jhbahpxhE5zhJcH
59,https://gateway.freecity.finance/ipfs/QmXQV1aJYnS1FuPUmvV6AXqxTFa7WAPBxVSFkGitHGaebY
60,https://gateway.freecity.finance/ipfs/QmUHSLQR7twSYv4zkLPwQ5qmU9Nz2eS4VeyWbtHiYKj4Ti
61,https://gateway.freecity.finance/ipfs/QmeDFDuNgehPNBGMzHotJeZGXw73fWKAT14cRs1WnCsypH
62,https://gateway.freecity.finance/ipfs/QmXD3hKPEjvtE9iwMqv1Pkm2ThM9cju7ck7dJ47oJW3Cf9
63,https://gateway.freecity.finance/ipfs/QmQ2T6frLXyaWyETtAp3hFaCUPoufPGjjZLFuzQXgdnL2Q
64,https://gateway.freecity.finance/ipfs/QmeQFsraNq2WpS71PaqzdvrFsLjhYLu1x5aPBmEndi4ZHP
65,https://gateway.freecity.finance/ipfs/QmbkGLnWoHcj81p4q3h42VBFkPJykLnaWAE15w3W5QoffW
66,https://gateway.freecity.finance/ipfs/QmQafDw4utkzQpHijm6TXDxZo1oTeJfxHpkU6ondNwGVBk
67,https://gateway.freecity.finance/ipfs/QmZsxR5W6wMHnA4xVeceD8kbxUj9FNeMUv33rJ5XRixnNy
68,https://gateway.freecity.finance/ipfs/QmQqsxeztuey9Q4G5rRBuhz7uc8eo1EhxwtGZJEk9KBAZE
69,https://gateway.freecity.finance/ipfs/QmUz9Se99wVRksJyf93N52pfsJMeyzDw7rCfEEEmaZdibt
70,https://gateway.freecity.finance/ipfs/QmeMF1wmrxkzLqnM1GiF9bXMgffsfWm4bZ6bAj3Weh2prF
71,https://gateway.freecity.finance/ipfs/QmZLbLpvsZSBo82ybDPpFJfXuhzV1dr2MDGkN6q87cyRoH
72,https://gateway.freecity.finance/ipfs/QmecX6iQJaVXrSquzW8MQ8QyKwJZVN8fQfG6oEaYAwwHFS
73,https://gateway.freecity.finance/ipfs/QmcbS7tBMjnvzZwmcVroM6Ht2HQJ9cWE9AGqa3UBxkJUBL
74,https://gateway.freecity.finance/ipfs/QmZ2dewYaYaPsLPpHGusLKRhPAqqdw7Joui6jH6ctEgMZP
75,https://gateway.freecity.finance/ipfs/QmfGFEgKs9F2jT8LwfEKSTWLAfBSiowRQPg38tBbvcmsQ3
76,https://gateway.freecity.finance/ipfs/QmQBPz3vrMeQjxAxw1Q2muVQWdZSqBmKPkK4kunjuK6vYe
77,https://gateway.freecity.finance/ipfs/QmUoU7vuyq6xEkz9DdE2ygfcLbnpszjN8fYqn7CxhXK9Bz
78,https://gateway.freecity.finance/ipfs/QmRySWuMDEZiiTGQvG14jKjCcVVwG7hM3hitr3zUtWjVTe
79,https://gateway.freecity.finance/ipfs/QmRMy4BNiYN3vvgBN4YhW15rfCpb7KrADdAJfGiWhnh9vW
80,https://gateway.freecity.finance/ipfs/QmQPrqCaUhhDUeiSuXJHtS2vGnDdxGGHdRjFxFxQoPXfhG
81,https://gateway.freecity.finance/ipfs/QmVsmKQLjJAoVbzEfji8fAyAjisfvrq4JJ7M7nbhgQY4vY
82,https://gateway.freecity.finance/ipfs/QmUgUfwriUbcEZuwnUEMPBQUBSTGmpMYSrRCf3xiLrvigx
83,https://gateway.freecity.finance/ipfs/QmZr5n8PyAkPmXu8ciP7cpGwE3kGiwzsQDSBfXXgkUK2bL
84,https://gateway.freecity.finance/ipfs/QmSag136fQFyZhXQwAJwfFRwNcXpeyZvYNd9mw4JMwFSGQ
85,https://gateway.freecity.finance/ipfs/QmXQQxryFrRraHZyUkr4s7fuTYgRNUcZXHe6D6ivPt2XZK
86,https://gateway.freecity.finance/ipfs/QmYc2Utx19e8HALxfkzd7gz2wHo3LHZoBhEEfJBbhoeqYp
87,https://gateway.freecity.finance/ipfs/QmaWa8AEhjWg4tsxDua2G6q1aBtwzkC4aSnAVgvEdQPe15
88,https://gateway.freecity.finance/ipfs/QmdHkZXDwqpD6rVvGZVx5Aam3rd6Zr4upNCyWjhAeMAhm1
89,https://gateway.freecity.finance/ipfs/QmeSEmAGzEBCdpSJpD7roLWB2Mw1FG1Js7Fy8u8oZM14S4
90,https://gateway.freecity.finance/ipfs/QmYWjWH9HsehxUpAEaZi9waqdvNoLEwuJFqazdtfhco7av
91,https://gateway.freecity.finance/ipfs/QmNTFYZ6JRHH83xepvTTRUay2YzaBdbwDRuYJBc4jyrc5L
92,https://gateway.freecity.finance/ipfs/QmazhKXAcK8DtrrXo9CahJtKDzkb5VDvCPvtQ2Kn6XWgi6
93,https://gateway.freecity.finance/ipfs/QmVEkPed24D2uNw3KEa7r5QR4MEah6YVokxZtfTGgWFxSX
94,https://gateway.freecity.finance/ipfs/QmdqALXm6xr5YBQ9w54ZsSa9xpRCXCRksF6zzjB566bKgi
95,https://gateway.freecity.finance/ipfs/Qme1bBddnxsHypVQrKF1WzDdrUTP6uE14S58bkZuiXg3te
96,https://gateway.freecity.finance/ipfs/QmPoRcbeMw99RR1XfgzDXHtc2RuvrwQRPKuAGHtksSLYLr
97,https://gateway.freecity.finance/ipfs/QmSRdMkkcfzSwzYjBnAnVTCNHCYd4piXnda3vxzhDdJHCJ
98,https://gateway.freecity.finance/ipfs/QmfJgDkwRrcYcKtNySKuTRC2zSeCJXeg1byNanMyMkjqQo
99,https://gateway.freecity.finance/ipfs/QmVWZkwuFQecz1RTMELkxgyMbFyctd68dzW5ssSnWirupm
100,https://gateway.freecity.finance/ipfs/QmbgftV6fngEeq1b4U5s2HjGysxtfPovYVe4FtGMMZRJKJ
101,https://gateway.freecity.finance/ipfs/QmcWFFKMcfdndbGNBmcVEZqkYq6Nov8hR426zKKJokhhr4
102,https://gateway.freecity.finance/ipfs/QmW4fbfRE98MG2Q5NRoSV1RL1hHhAz37mStRpPCinDtt1e
103,https://gateway.freecity.finance/ipfs/QmSTxdDwnQP5YrNd1qqvHeyHfvzTSVpiRcXVCrryvYZY2D
104,https://gateway.freecity.finance/ipfs/QmUzzSLvxps9RgUEDAxTYFgDvsKS5XvN8P8mn4p3zMyPzD
105,https://gateway.freecity.finance/ipfs/QmZ7DfKDmzgEHEvfrrTH1CUD1NpwN173HeEMvoVYw6XxuN
106,https://gateway.freecity.finance/ipfs/QmSGrATNsBmE771Q4wqzRNcgqCg5QLcC5owammvf99BsG9
107,https://gateway.freecity.finance/ipfs/QmcQcxKweDHf8S16DGsH2NTe98puuThCAQtvbFhWCR2Wm9
108,https://gateway.freecity.finance/ipfs/Qmdm99f114qfQWnAjgKQqkCnEhQGPd8uRXCykrDUL4fZpX
109,https://gateway.freecity.finance/ipfs/QmcEtABKtKdvHxYmf4E1EniWSFgaAk4aHiXHFzSSeyCE9L
110,https://gateway.freecity.finance/ipfs/QmZ17xeXm5pEPEZhuyAWoU31yydeTnkrcerrTmwxzvVoKd
111,https://gateway.freecity.finance/ipfs/QmYrMgC7QW3cUqZgDU7MVsbLRTSwtX8XDRwHd7fmX3kDk9
112,https://gateway.freecity.finance/ipfs/QmattJFtQgygAoVykfav5334GnuQ56ri3NMwHtSeNoQqBm
113,https://gateway.freecity.finance/ipfs/QmSmmCWR2dDdkTDxUNg81d9VfeiQ6skaxqvBAkhPWiC1fC
114,https://gateway.freecity.finance/ipfs/Qmf6hPMNrPHXHUvmYZLq7hurt6d5Z9aemXWr6Va2r6ZoG1
115,https://gateway.freecity.finance/ipfs/QmWBH9vHJSCdCdmck5ajMfek1xNc7GfJ1hS1X9JkRuosyu
116,https://gateway.freecity.finance/ipfs/QmQsw133t29BvneNP8HSuLZAX47yzK2iHUnfnb7fcGFnM8
117,https://gateway.freecity.finance/ipfs/QmeT6MbdvbVDXZR98cKoFn4onBcD4VFR9n8YFKxsKq3cTN
118,https://gateway.freecity.finance/ipfs/QmSibGaDaspTRfoQ7zwYYjszAUnoGHhYCeCPQMayj2nBSX
119,https://gateway.freecity.finance/ipfs/QmYBtaENv8ZXYwqYAP4aVkVrVYPZkgRz8P4ZvyCiPjRVMJ
120,https://gateway.freecity.finance/ipfs/QmRVrMoJp2rU7mc7HKjEmREEonapbBmYyxAn3qPAze1zK1
121,https://gateway.freecity.finance/ipfs/QmRfmBzjG3ERGMDytBtLLsY9FjstXA5dvAW6fhqoYpfZcg
122,https://gateway.freecity.finance/ipfs/QmajPNbqyFrJJvYryBaLmT3ghpTFkK9JWT7i5ZeSofrha9
123,https://gateway.freecity.finance/ipfs/QmeXn7ZoimpMWixs3jZwaJSCZVoKXNk4Y94jRvu2iK3Zuz
124,https://gateway.freecity.finance/ipfs/QmSLRRmL72BRwvYjxbizBVoxNAow2caUKV9SaWmgFUL2TD
125,https://gateway.freecity.finance/ipfs/QmZvdJg16cYWk1nc7Mb6Asrrx6NLGci6Cr1MxyDStUL3Br
126,https://gateway.freecity.finance/ipfs/QmbzxGRWEiuHhSHDkHA7tq5tpGTQzNtZYfQDDCfA9PTSsH
127,https://gateway.freecity.finance/ipfs/QmYaDdr2yVDE6jKKcqfMH7RfddtwyrRhFLX9BeyXkBaEZS
128,https://gateway.freecity.finance/ipfs/QmRoiJpcjkcTG3u3ngb4z41uLzCiFZzJXhY8KX2PoqHjoL
129,https://gateway.freecity.finance/ipfs/QmeBzFAkSvANnpheEGh6LGDB2Hs37ouFh7QrzNdRmKWDnU
130,https://gateway.freecity.finance/ipfs/Qme3fgXaqDRic5GBey9P1Dw6WptY4j3hFGMDBHoBVjqmhh
131,https://gateway.freecity.finance/ipfs/QmUXSGEKStpZbcybVSTLuxceaCKqNcyuVGd19h5MMXMQSZ
132,https://gateway.freecity.finance/ipfs/QmcdVq2kFbdy4QYnd7kz8FbgtTeNd2NM5CsqfmwEi2LZBx
133,https://gateway.freecity.finance/ipfs/QmXAYZzv38SWMvdZ9X1KXWQg8rgtPea78PyrFVToBeYKNQ
134,https://gateway.freecity.finance/ipfs/QmVeacFMkWTozB9E2fTtXPc1s1n89Cf3b4zV1qJYBDeFRf
135,https://gateway.freecity.finance/ipfs/QmXupgsGq4kEUxc4MY4hAVHybcAk2qwm8PcNo1amaYu8Ao
136,https://gateway.freecity.finance/ipfs/QmWoeaqbndkVAoJY3gJqzJzTmFVa2qsRVSv8n67VYUX5tP
137,https://gateway.freecity.finance/ipfs/QmaUTotFrqiuxz78N8cmJmxF9BHY5kjuamU7Wjt7TudWWh
138,https://gateway.freecity.finance/ipfs/QmWT11r9XVBQNCWLmCYz5kyDbYxmN9qYK8d3FeKEsGczmW
139,https://gateway.freecity.finance/ipfs/QmP55tgCHg3cf7ecFfJtDduX2MmbFFgguHh76or7SHkgzJ
140,https://gateway.freecity.finance/ipfs/QmdYo1MyVmxxhQNqe6YUEGZFcWSDLNz2zup5fZgEZREczq
141,https://gateway.freecity.finance/ipfs/QmPv6qicA1ZYXR5BbdBiCBZFWDJx7XMMxhy9tPZ12A7wMC
142,https://gateway.freecity.finance/ipfs/QmZTqnsQc3DasPf8vtYk3z6JXbwpZzkDoKBwWz1mrTWKke
143,https://gateway.freecity.finance/ipfs/QmVQFsAQWfsarfiuhfwV7ihvYtoZBU5sJe49aLA5Bv6NFJ
144,https://gateway.freecity.finance/ipfs/QmZnf131eqRD9RQnwz3meVKBJQfveyd4P4awXnXFMcViHP
145,https://gateway.freecity.finance/ipfs/QmZ44BGBvkMqGpqErTi2qk8z3PsYPszqkKt5tbnZSXZbif
146,https://gateway.freecity.finance/ipfs/QmX2AHWqGgqAoJiY3sMXNwudk7r2c5Bd7uvbypEqEjnFMr
147,https://gateway.freecity.finance/ipfs/QmSup9PMhgffDHuaqyZgJBFaocXxCp9RPtDAq6vK1WKpcV
148,https://gateway.freecity.finance/ipfs/QmdubCjdyCWthbcrFcARDEcLTgPWDy4NmsqBMJ2H6xXNhM
149,https://gateway.freecity.finance/ipfs/QmVmAqAe2NDSPcGAjxaexhXQ9USrddg6osegBySzJnP8Wk
150,https://gateway.freecity.finance/ipfs/QmRKDMEY55ZGH1wtZhbgJUawXTgUpyjWrkTR4K8a2JGPYP
151,https://gateway.freecity.finance/ipfs/Qmf2Ud4xuFZtK6P3DTxy5Y9kAnWrVCaewkQd5B5zJAaFNn
152,https://gateway.freecity.finance/ipfs/QmbFQ5usJcgn2G2B2VwbUukpBjAa1FxhF9hgBS7cmJk5Jq
153,https://gateway.freecity.finance/ipfs/QmUFVBtGev4vpsiVeHi7YhNsNiuXncgHiwkmPxzM98FWMs
154,https://gateway.freecity.finance/ipfs/QmX3twYJcRBchZQdop3egbWU97e1JBtwHtdwGaJDyBz38e
155,https://gateway.freecity.finance/ipfs/QmTiRWF1Q7CgRAcVemknmCSnDzWkwTDGaeQpoKFrQ1ks4T
156,https://gateway.freecity.finance/ipfs/QmQrBsGC5daY4zsEh3jxwG12BAFQgfFqmKeSREXeso3oAt
157,https://gateway.freecity.finance/ipfs/QmU71iBaqFg4ywScNhTedYNBhhmbs11Y9hMWZ8CE6UqyQ7
158,https://gateway.freecity.finance/ipfs/QmQUbAGXFa8uKXLjdqecVFnhkrKSRDsAbPXHDbKXTa2rfB
159,https://gateway.freecity.finance/ipfs/QmSmnJNoP7bsB4hq3Ug9kquFRR2wMAzRN4E9FEBqZW2x5F
160,https://gateway.freecity.finance/ipfs/QmSrsCnFYi9jou2Z2wiJbwLCt4VqJidXUd6bKW5YcHfVHX
161,https://gateway.freecity.finance/ipfs/QmVn9ofq5RzErzypbUrbcteUwi73fgoieVxDykAvbfLWTJ
162,https://gateway.freecity.finance/ipfs/QmZgqEfC21FsyvCfVyfNk7KacBXznyfunkB8gevqW7rWHc
163,https://gateway.freecity.finance/ipfs/QmP6Tmj5ogxAGHv2A63Hb4XHipCzMJN1YFrPL6VG2mTHL2
164,https://gateway.freecity.finance/ipfs/QmfUh5EREc8mxQoEGYUxTeHwcYvnVupnXvA1RxqRHhTrQG
165,https://gateway.freecity.finance/ipfs/QmZkYEq5SEK6TtF2SW6pCtQaujbeAzNHHMHkwwacuHVgkv
166,https://gateway.freecity.finance/ipfs/QmWk5PQdb5nyPEh3pU9zajK8iDNmFgTnDXpfWnhuhfT6Jk
167,https://gateway.freecity.finance/ipfs/QmVBjFz6SXCZhD5Z3iBLUnDnJNHByjuerGpwEBcgF5uXUe
168,https://gateway.freecity.finance/ipfs/QmQ6gYnRA6cDpVFyqxwaF73ZjP3cAQABdkjLkjx5kqrsxZ
169,https://gateway.freecity.finance/ipfs/QmbySvhThGsZiaCY7JWBk1Q52B8dMU5FCeQUgAXtmc7XhA
170,https://gateway.freecity.finance/ipfs/QmRF2VMKtyiHPi6FAoF1Tux3Vo5RHu4v1g9ZwRnPV1X3zN
171,https://gateway.freecity.finance/ipfs/QmSHyrJTTLVsMuE9NXS9G6bcUB5fPCeQxU1LSQjYmCPhq7
172,https://gateway.freecity.finance/ipfs/QmZemB7BRa3JtUkMCgXYMwCQuckBMtouU174C2BENaudYG
173,https://gateway.freecity.finance/ipfs/QmfPfmQgSGFZfbJtVt6xY2ETYbhfqGD53uWTf8TbB2BLNG
174,https://gateway.freecity.finance/ipfs/QmZMLhUiC4eAGRnq74BZqNWhTk7yCmPaWVuoxyCDvdWL1K
175,https://gateway.freecity.finance/ipfs/QmW3s3X3NWU4MQzknjWjQvE1uukw8apNFiYhknCyPot83Z
176,https://gateway.freecity.finance/ipfs/QmUXe81Gyk534VehReJTTGrhRTYmFNTT9L2XiSWBqQH2JJ
177,https://gateway.freecity.finance/ipfs/QmeE3C4SdM7fo7u6LGpp91q8wizndhc1s5A1te6fTcKcy7
178,https://gateway.freecity.finance/ipfs/QmW7m5ru572UREyFHVjZJTxLUQ84bpsVtct4ked4qc3CGi
179,https://gateway.freecity.finance/ipfs/QmVHJk1upmBuDXFbXwsX2MX5TuXz7GdHSpUEdL7P31uQ8x
180,https://gateway.freecity.finance/ipfs/QmYj7ULdrX76p5XvZw9847n6X3qiULyqtxPzCv6iGE9vCU
181,https://gateway.freecity.finance/ipfs/QmeevtGGtdVpxWPQGU6CVTUiVe8bnrPf3YLws8vYBpPx7d
182,https://gateway.freecity.finance/ipfs/QmdC1bycNezNuuDxwbfbTncKWPp78NSr1vqfE8vNB3vvr3
183,https://gateway.freecity.finance/ipfs/QmRbGweNMxpZbY5uCb9doEq9VSGttgWu1CNFipc9koSJi5
184,https://gateway.freecity.finance/ipfs/QmXiVH6894iNkfWpmeSRZPGXye8wi9s9bvS9mNmxgrc99N
185,https://gateway.freecity.finance/ipfs/QmSPdZ8PPxfvBCmcC4FVpKmxw7Lg9RDCv89UjovY1BMEuK
186,https://gateway.freecity.finance/ipfs/QmWjGcB2yk8WkxBNo61EdX9ummVbCDHo4T1NFxfs4FdAeE
187,https://gateway.freecity.finance/ipfs/QmeR1zmwJDbJWvzG6juALcEauZyCECuXewfmYUXR9CsB8N
188,https://gateway.freecity.finance/ipfs/QmWRH5BRiH6bxwbBVnVuz36hYpVF33RM2i8yKeM6WbqXXj
189,https://gateway.freecity.finance/ipfs/QmWpcqWhSktvcwgEKNzY98XDGK76zmzhsJzqL7Vrbo7bxt
190,https://gateway.freecity.finance/ipfs/QmTUPV4cNq2MTtTwi6NzzgZTPNMZXEjp3TwCqLQp6BJui3
191,https://gateway.freecity.finance/ipfs/QmakcKZVjXraaWZ8Fo53kSGxwP8ftXa9tMKBdXme3mK7Hr
192,https://gateway.freecity.finance/ipfs/QmQciZgADNgSkz4CjABDzGvTDMyF6ZmBQbDhoK5wBBy14p
193,https://gateway.freecity.finance/ipfs/QmVbxcs464Wx3cK9j2BegvbeXrYjRjXy9Sn2QDLPRgWda9
194,https://gateway.freecity.finance/ipfs/QmUJc6WC9c221GSxmaZB1au1b7nE7mJ2FnXn1fATJ8iXTS
195,https://gateway.freecity.finance/ipfs/QmSiCAF4Z9XZK5fsCuseXWj11UzTCuGir6MdVNbxJDHgys
196,https://gateway.freecity.finance/ipfs/Qmbz6Ts4uxJWV77JasoHBHQbjBfYbyYRSWrvpNS38sJ9xq
197,https://gateway.freecity.finance/ipfs/QmWv9HS7vJBnkXPEuUx8ERkguUgju1sEbqSWQBPu1PuvwX
198,https://gateway.freecity.finance/ipfs/QmSCMbt6agitx91B1ZfnpMvt3Spu97dNuSx22uLPX7D2AM
199,https://gateway.freecity.finance/ipfs/QmUDR4VhveiAjADDqkV2diM2RDdkR8kudbvqPVfUNNMmiU
200,https://gateway.freecity.finance/ipfs/QmXYp8B9NgZoZUz9eVKDdEvSyLUtyRgd11xTVwWPaVU5FZ